"a55,"
"a55hole,"
"aeolus,"
"ahole,"
"anal,"
"analprobe,"
"anilingus,"
"anus,"
"areola,"
"areole,"
"arian,"
"aryan,"
"ass,"
"assbang,"
"assbanged,"
"assbangs,"
"asses,"
"assfuck,"
"assfucker,"
"assh0le,"
"asshat,"
"assho1e,"
"ass hole,"
"assholes,"
"assmaster,"
"assmunch,"
"asswipe,"
"asswipes,"
"azazel,"
"azz,"
"b1tch,"
"babe,"
"babes,"
"ballsack,"
"bang,"
"banger,"
"barf,"
"bastard,"
"bastards,"
"bawdy,"
"beaner,"
"beardedclam,"
"beastiality,"
"beatch,"
"beater,"
"beaver,"
"beer,"
"beeyotch,"
"beotch,"
"biatch,"
"bigtits,"
"big tits,"
"bimbo,"
"bitch,"
"bitched,"
"bitches,"
"bitchy,"
"blow job,"
"blow,"
"blowjob,"
"blowjobs,"
"bod,"
"bodily,"
"boink,"
"bollock,"
"bollocks,"
"bollok,"
"bone,"
"boned,"
"boner,"
"boners,"
"bong,"
"boob,"
"boobies,"
"boobs,"
"booby,"
"booger,"
"bookie,"
"bootee,"
"bootie,"
"booty,"
"booze,"
"boozer,"
"boozy,"
"bosom,"
"bosomy,"
"bowel,"
"bowels,"
"bra,"
"brassiere,"
"breast,"
"breasts,"
"bugger,"
"bukkake,"
"bullshit,"
"bull shit,"
"bullshits,"
"bullshitted,"
"bullturds,"
"bung,"
"busty,"
"butt,"
"butt fuck,"
"buttfuck,"
"buttfucker,"
"buttfucker,"
"buttplug,"
"c.0.c.k,"
"c.o.c.k.,"
"c.u.n.t,"
"c0ck,"
"c-0-c-k,"
"caca,"
"cahone,"
"cameltoe,"
"carpetmuncher,"
"cawk,"
"cervix,"
"chinc,"
"chincs,"
"chink,"
"chink,"
"chode,"
"chodes,"
"cl1t,"
"climax,"
"clit,"
"clitoris,"
"clitorus,"
"clits,"
"clitty,"
"cocain,"
"cocaine,"
"cock,"
"c-o-c-k,"
"cockblock,"
"cockholster,"
"cockknocker,"
"cocks,"
"cocksmoker,"
"cocksucker,"
"cock sucker,"
"coital,"
"commie,"
"condom,"
"coon,"
"coons,"
"corksucker,"
"crabs,"
"crack,"
"cracker,"
"crackwhore,"
"crap,"
"crappy,"
"cum,"
"cummin,"
"cumming,"
"cumshot,"
"cumshots,"
"cumslut,"
"cumstain,"
"cunilingus,"
"cunnilingus,"
"cunny,"
"cunt,"
"cunt,"
"c-u-n-t,"
"cuntface,"
"cunthunter,"
"cuntlick,"
"cuntlicker,"
"cunts,"
"d0ng,"
"d0uch3,"
"d0uche,"
"d1ck,"
"d1ld0,"
"d1ldo,"
"dago,"
"dagos,"
"dammit,"
"damn,"
"damned,"
"damnit,"
"dawgie-style,"
"dick,"
"dickbag,"
"dickdipper,"
"dickface,"
"dickflipper,"
"dickhead,"
"dickheads,"
"dickish,"
"dick-ish,"
"dickripper,"
"dicksipper,"
"dickweed,"
"dickwhipper,"
"dickzipper,"
"diddle,"
"dike,"
"dildo,"
"dildos,"
"diligaf,"
"dillweed,"
"dimwit,"
"dingle,"
"dipship,"
"doggie-style,"
"doggy-style,"
"dong,"
"doofus,"
"doosh,"
"dopey,"
"douch3,"
"douche,"
"douchebag,"
"douchebags,"
"douchey,"
"drunk,"
"dumass,"
"dumbass,"
"dumbasses,"
"dummy,"
"dyke,"
"dykes,"
"ejaculate,"
"enlargement,"
"erect,"
"erection,"
"erotic,"
"essohbee,"
"extacy,"
"extasy,"
"f.u.c.k,"
"fack,"
"fag,"
"fagg,"
"fagged,"
"faggit,"
"faggot,"
"fagot,"
"fags,"
"faig,"
"faigt,"
"fannybandit,"
"fart,"
"fartknocker,"
"fat,"
"felch,"
"felcher,"
"felching,"
"fellate,"
"fellatio,"
"feltch,"
"feltcher,"
"fisted,"
"fisting,"
"fisty,"
"floozy,"
"foad,"
"fondle,"
"foobar,"
"foreskin,"
"freex,"
"frigg,"
"frigga,"
"fubar,"
"fuck,"
"f-u-c-k,"
"fuckass,"
"fucked,"
"fucked,"
"fucker,"
"fuckface,"
"fuckin,"
"fucking,"
"fucknugget,"
"fucknut,"
"fuckoff,"
"fucks,"
"fucktard,"
"fuck-tard,"
"fuckup,"
"fuckwad,"
"fuckwit,"
"fudgepacker,"
"fuk,"
"fvck,"
"fxck,"
"gae,"
"gai,"
"ganja,"
"gay,"
"gays,"
"gey,"
"gfy,"
"ghay,"
"ghey,"
"gigolo,"
"glans,"
"goatse,"
"godamn,"
"godamnit,"
"goddam,"
"goddammit,"
"goddamn,"
"goldenshower,"
"gonad,"
"gonads,"
"gook,"
"gooks,"
"gringo,"
"gspot,"
"g-spot,"
"gtfo,"
"guido,"
"h0m0,"
"h0mo,"
"handjob,"
"hard on,"
"he11,"
"hebe,"
"heeb,"
"hell,"
"hemp,"
"heroin,"
"herp,"
"herpes,"
"herpy,"
"hitler,"
"hiv,"
"hobag,"
"hom0,"
"homey,"
"homo,"
"homoey,"
"honky,"
"hooch,"
"hookah,"
"hooker,"
"hoor,"
"hootch,"
"hooter,"
"hooters,"
"horny,"
"hump,"
"humped,"
"humping,"
"hussy,"
"hymen,"
"inbred,"
"incest,"
"injun,"
"j3rk0ff,"
"jackass,"
"jackhole,"
"jackoff,"
"jap,"
"japs,"
"jerk,"
"jerk0ff,"
"jerked,"
"jerkoff,"
"jism,"
"jiz,"
"jizm,"
"jizz,"
"jizzed,"
"junkie,"
"junky,"
"kike,"
"kikes,"
"kill,"
"kinky,"
"kkk,"
"klan,"
"knobend,"
"kooch,"
"kooches,"
"kootch,"
"kraut,"
"kyke,"
"labia,"
"lech,"
"leper,"
"lesbians,"
"lesbo,"
"lesbos,"
"lez,"
"lezbian,"
"lezbians,"
"lezbo,"
"lezbos,"
"lezzie,"
"lezzies,"
"lezzy,"
"lmao,"
"lmfao,"
"loin,"
